日期,凭证号,发票号,类别,金额,借方,贷方,摘要,对方单位
2025-03-03,V-001,INV-001,差旅费,1250.00,1250.00,0,北京出差机票,客户A
2025-03-04,V-002,INV-001,差旅费,1250.00,1250.00,0,北京出差机票,客户A
2025-03-08,V-004,INV-002,业务招待费,8000.00,8000.00,0,客户宴请,客户B
2025-03-09,V-005,INV-003,办公费,320.50,320.50,0,打印纸,供应商C
2025-03-15,V-006,INV-004,咨询费,150000.00,150000.00,0,项目咨询,顾问D
2025-03-16,V-007,INV-004,咨询费,150000.00,150000.00,0,项目咨询,顾问D
2025-03-22,V-009,INV-005,差旅费,20000.00,20000.00,0,考察,客户A
2025-03-23,V-010,,业务招待费,5000.00,5000.00,0,客户宴请,客户B
2025-03-29,V-011,INV-006,办公费,9000.00,9000.00,0,电脑,供应商C
2025-03-30,V-012,INV-007,会议费,12000.00,12000.00,0,研讨会,协会E
2025-04-02,V-013,INV-008,服务费,25000.00,25000.00,0,技术服务,供应商F
2025-04-03,V-014,INV-009,服务费,25000.00,25000.00,0,技术服务,供应商F
2025-04-05,V-016,INV-010,维修费,1800.00,1800.00,0,设备维修,供应商G
2025-04-06,V-017,INV-011,运费,2300.00,2300.00,0,物流费用,物流H
2025-04-07,V-018,INV-012,办公费,680.00,680.00,0,办公用品,供应商C
2025-04-08,V-019,INV-013,培训费,4800.00,4800.00,0,岗位培训,协会E
2025-04-09,V-021,INV-014,服务费,7300.00,7300.00,0,咨询服务,顾问D
2025-04-10,V-022,INV-015,服务费,7300.00,7300.00,0,咨询服务,顾问D
2025-04-11,V-023,INV-016,差旅费,1680.00,1680.00,0,出差住宿,酒店I
2025-04-12,V-024,INV-017,业务招待费,4600.00,4600.00,0,客户沟通,客户B
